{
  "active": false,
  "mode": "none",
  "last_update": "2026-01-14T03:05:34.424+01:00",
  "modes": {
    "info": {
      "title": "Fermé",
      "message": "Veuillez nous excuser pour la fermeture occasionnelle.",
      "image": "images/panne.png",
      "severity": "info",
      "ok_delay_seconds": 30
    },
    "warning": {
      "title": "Fermé",
      "message": "Veuillez nous excuser pour la fermeture occasionnelle.",
      "image": "images/panne.png",
      "severity": "warning",
      "block_order": true,
      "block_schedule": {
        "enabled": false,
        "start": "18:45",
        "end": "18:48",
        "days": [
          3,
          4
        ]
      },
      "warning_click_message": "Ce n'est actuellement pas possible de commander."
    }
  },
  "presets": {
    "incident": {
      "title": "EXCEPTIONNELLEMENT FERMER",
      "message": "Merci pour vôtre compréhension.",
      "image": "images/incident.png",
      "severity": "info"
    },
    "météo": {
      "title": "Météo",
      "message": "Conditions météo compliquées. Service possiblement ralenti.",
      "image": "images/météo.png",
      "severity": "info"
    },
    "panne": {
      "title": "Panne",
      "message": "Panne technique en cours. Service impacté.",
      "image": "images/panne.png",
      "severity": "info"
    },
    "sécurité": {
      "title": "Sécurité",
      "message": "Mesure de sécurité en cours. Service temporairement indisponible.",
      "image": "images/sécurité.png",
      "severity": "info"
    },
    "libre": {
      "title": "",
      "message": "",
      "image": "images/panne.png",
      "severity": "info"
    }
  },
  "created_at": "2026-01-01T19:53:43.073+01:00",
  "published_at": "2026-01-14T03:05:34.424+01:00",
  "ends_at": "",
  "starts_at": "2026-01-01T19:56:27.600+01:00"
}